Geography,region
Ontario,Ontario
Stormont Dundas and Glengarry,East
Prescott and Russell,East
Ottawa,East
Leeds and Grenville,East
Lanark,East
Frontenac,East
Lennox and Addington,East
Hastings,East
Prince Edward,East
Northumberland,East
Peterborough,East
Kawartha Lakes,East
Durham,East
York,Central
Toronto,Central
Peel,Central
Dufferin,Central
Wellington,Central
Halton,Central
Hamilton,Southwest
Niagara,Southwest
Haldimand-Norfolk,Southwest
Brant,Southwest
Waterloo,Central
Perth,Southwest
Oxford,Southwest
Elgin,Southwest
Chatham-Kent,Southwest
Essex,Southwest
Lambton,Southwest
Middlesex,Southwest
Huron,Southwest
Bruce,Southwest
Grey,Southwest
Simcoe,Central
Muskoka,North
Haliburton,East
Renfrew,East
Nipissing,North
Parry Sound,North
Manitoulin,North
Sudbury,North
Greater Sudbury / Grand Sudbury,North
Timiskaming,North
Cochrane,North
Algoma,North
Thunder Bay,North
Rainy River,North
Kenora,North
